box_id,sortie_id,service_id,delivery_time_s,expected_deadline_s,first_deadline_s,hard_deadline_s,hard_deadline_ok,normalized_delivery_time,tag
S006-FOD-01,M001,S006,935.5059666318248,7200.0,,,True,0.1299313842544201,P0007
S006-WAT-02,M001,S006,935.5059666318248,3600.0,,,True,0.2598627685088402,P0007
S007-MED-01,M002,S007,2454.842937933802,3600.0,3600.0,3600.0,True,0.6819008160927228,P0007
S007-HYG-01,M002,S007,2454.842937933802,10800.0,,,True,0.2273002720309076,P0007
S006-HYG-01,M003,S006,2752.153994363278,10800.0,,,True,0.25482907355215534,P0007
S006-WAT-01,M003,S006,2752.153994363278,3600.0,3600.0,3600.0,True,0.7644872206564661,P0007
S008-HYG-01,M004,S008,4308.176947691062,14400.0,,,True,0.2991789547007682,P0007
S008-WAT-02,M004,S008,4308.176947691062,7200.0,,,True,0.5983579094015364,P0007
S008-MED-01,M005,S008,4724.3526765132165,7200.0,7200.0,7200.0,True,0.6561600939601689,P0007
S008-FOD-01,M005,S008,4724.3526765132165,10800.0,,,True,0.43744006264011265,P0007
S008-WAT-01,M005,S008,4724.3526765132165,7200.0,7200.0,7200.0,True,0.6561600939601689,P0007
S007-FOD-01,M006,S007,2454.842937933802,7200.0,,,True,0.3409504080463614,P0007
S007-WAT-02,M006,S007,2454.842937933802,3600.0,,,True,0.6819008160927228,P0007
S009-MED-01,M007,S009,6485.858297127276,10800.0,10800.0,10800.0,True,0.6005424349191922,P0007
S009-FOD-01,M007,S009,6485.858297127276,14400.0,,,True,0.4504068261893942,P0007
S009-WAT-01,M007,S009,6485.858297127276,10800.0,10800.0,10800.0,True,0.6005424349191922,P0007
S013-MED-01,M008,S013,1062.7684734798056,3600.0,3600.0,3600.0,True,0.29521346485550154,P0007
S013-FOD-01,M008,S013,1062.7684734798056,7200.0,,,True,0.14760673242775077,P0007
S013-WAT-01,M008,S013,1062.7684734798056,3600.0,3600.0,3600.0,True,0.29521346485550154,P0007
S003-MED-01,M009,S003,3753.3276008072485,7200.0,7200.0,7200.0,True,0.5212955001121179,P0007
S003-HYG-01,M009,S003,3753.3276008072485,14400.0,,,True,0.26064775005605895,P0007
S003-FOD-01,M009,S003,3753.3276008072485,10800.0,,,True,0.34753033340807854,P0007
S003-WAT-02,M009,S003,3753.3276008072485,7200.0,,,True,0.5212955001121179,P0007
S003-WAT-03,M009,S003,3753.3276008072485,7200.0,,,True,0.5212955001121179,P0007
S003-WAT-04,M009,S003,3753.3276008072485,7200.0,,,True,0.5212955001121179,P0007
S007-WAT-01,M010,S007,1081.357661336819,3600.0,3600.0,3600.0,True,0.30037712814911643,P0007
S006-MED-01,M011,S006,935.5059666318248,3600.0,3600.0,3600.0,True,0.2598627685088402,P0007
S006-WAT-03,M011,S006,935.5059666318248,3600.0,,,True,0.2598627685088402,P0007
S012-MED-01,M012,S012,2781.7675682779864,7200.0,3600.0,3600.0,True,0.3863566067052759,P0007
S012-FOD-01,M012,S012,2781.7675682779864,7200.0,,,True,0.3863566067052759,P0007
S012-WAT-01,M012,S012,2781.7675682779864,3600.0,3600.0,3600.0,True,0.7727132134105518,P0007
S001-MED-01,M013,S001,1380.2701959394824,3600.0,3600.0,3600.0,True,0.3834083877609673,P0007
S001-MED-02,M013,S001,1380.2701959394824,3600.0,,3600.0,True,0.3834083877609673,P0007
S001-HYG-01,M013,S001,1380.2701959394824,10800.0,,,True,0.12780279592032245,P0007
S001-HYG-02,M013,S001,1380.2701959394824,10800.0,,,True,0.12780279592032245,P0007
S001-FOD-01,M013,S001,1380.2701959394824,7200.0,,,True,0.19170419388048365,P0007
S001-FOD-02,M013,S001,1380.2701959394824,7200.0,,,True,0.19170419388048365,P0007
S001-WAT-02,M013,S001,1380.2701959394824,3600.0,,,True,0.3834083877609673,P0007
S001-WAT-03,M013,S001,1380.2701959394824,3600.0,,,True,0.3834083877609673,P0007
S001-WAT-04,M013,S001,1380.2701959394824,3600.0,,,True,0.3834083877609673,P0007
S001-FOD-03,M014,S001,2874.4405978184473,7200.0,,,True,0.3992278608081177,P0007
S001-WAT-05,M014,S001,2874.4405978184473,3600.0,,,True,0.7984557216162353,P0007
S001-WAT-06,M014,S001,2874.4405978184473,3600.0,,,True,0.7984557216162353,P0007
S001-WAT-07,M014,S001,2874.4405978184473,3600.0,,,True,0.7984557216162353,P0007
S001-WAT-08,M014,S001,2874.4405978184473,3600.0,,,True,0.7984557216162353,P0007
S001-WAT-01,M014,S001,2874.4405978184473,3600.0,3600.0,3600.0,True,0.7984557216162353,P0007
S005-MED-01,M015,S005,4559.5733828557,10800.0,10800.0,10800.0,True,0.42218272063478707,P0007
S005-HYG-01,M015,S005,4559.5733828557,18000.0,,,True,0.25330963238087223,P0007
S005-FOD-01,M015,S005,4559.5733828557,14400.0,,,True,0.3166370404760903,P0007
S005-WAT-02,M015,S005,4559.5733828557,10800.0,,,True,0.42218272063478707,P0007
S005-WAT-03,M015,S005,4559.5733828557,10800.0,,,True,0.42218272063478707,P0007
S005-WAT-01,M015,S005,4559.5733828557,10800.0,10800.0,10800.0,True,0.42218272063478707,P0007
S010-MED-01,M016,S010,1104.9663658274644,3600.0,3600.0,3600.0,True,0.3069351016187401,P0007
S010-FOD-01,M016,S010,1104.9663658274644,7200.0,,,True,0.15346755080937005,P0007
S002-FOD-01,M017,S002,3129.3255477691782,7200.0,,,True,0.43462854830127473,P0007
S002-WAT-02,M017,S002,3129.3255477691782,3600.0,,,True,0.8692570966025495,P0007
S002-MED-01,M018,S002,1487.3160093193542,3600.0,3600.0,3600.0,True,0.41314333592204283,P0007
S002-HYG-01,M018,S002,1487.3160093193542,10800.0,,,True,0.1377144453073476,P0007
S002-FOD-02,M018,S002,1487.3160093193542,7200.0,,,True,0.20657166796102142,P0007
S002-WAT-03,M018,S002,1487.3160093193542,3600.0,,,True,0.41314333592204283,P0007
S002-WAT-04,M018,S002,1487.3160093193542,3600.0,,,True,0.41314333592204283,P0007
S002-WAT-01,M018,S002,1487.3160093193542,3600.0,3600.0,3600.0,True,0.41314333592204283,P0007
S011-MED-01,M019,S011,6037.438089571121,10800.0,10800.0,10800.0,True,0.5590220453306594,P0007
S011-FOD-01,M019,S011,6037.438089571121,14400.0,,,True,0.4192665339979945,P0007
S011-WAT-01,M019,S011,6037.438089571121,10800.0,10800.0,10800.0,True,0.5590220453306594,P0007
S010-WAT-01,M020,S010,2907.3441825034774,3600.0,3600.0,3600.0,True,0.8075956062509659,P0007
S015-MED-01,M021,S015,6196.4557366181425,7200.0,7200.0,7200.0,True,0.8606188523080753,P0007
S015-FOD-01,M021,S015,6196.4557366181425,14400.0,,,True,0.43030942615403767,P0007
S015-WAT-01,M021,S015,6196.4557366181425,10800.0,10800.0,10800.0,True,0.5737459015387169,P0007
S014-MED-01,M022,S014,1242.4327639761748,7200.0,3600.0,3600.0,True,0.17256010610780206,P0007
S014-FOD-01,M022,S014,1242.4327639761748,7200.0,,,True,0.17256010610780206,P0007
S014-WAT-01,M022,S014,1242.4327639761748,3600.0,3600.0,3600.0,True,0.3451202122156041,P0007
S003-FOD-02,M023,S003,4450.220953692722,10800.0,,,True,0.41205749571228906,P0007
S003-WAT-01,M023,S003,4450.220953692722,7200.0,7200.0,7200.0,True,0.6180862435684337,P0007
S004-MED-01,M024,S004,6127.423716272369,7200.0,7200.0,7200.0,True,0.8510310717044958,P0007
S004-HYG-01,M024,S004,6127.423716272369,14400.0,,,True,0.4255155358522479,P0007
S004-FOD-01,M024,S004,6127.423716272369,10800.0,,,True,0.5673540478029971,P0007
S004-WAT-02,M024,S004,6127.423716272369,7200.0,,,True,0.8510310717044958,P0007
S004-WAT-03,M024,S004,6127.423716272369,7200.0,,,True,0.8510310717044958,P0007
S004-WAT-01,M024,S004,6127.423716272369,7200.0,7200.0,7200.0,True,0.8510310717044958,P0007
